WKT,addr:city,addr:housenumber,addr:postcode,addr:street,name,amenity,cuisine,addr:suburb,fhrs:id,takeaway,delivery,opening_hours,shop,smoking
"POINT (-1.7015525 53.8026713)",Bradford,3,BD3 7DN,Gain Lane,Shandar,fast_food,"indian;pizza",,709117,yes,yes,,,
"POINT (-1.6974272 53.8028835)",Pudsey,483,LS28 8ED,Bradford Road,Sam's Steakhouse & Diner,restaurant,american,,,,,12:00+,,outside
"POINT (-1.6815506 53.8061457)",Leeds,229,LS28 6QB,Bradford Road,The Sandwich Bar,fast_food,sandwich,Stanningley,322464,yes,,,,
"POINT (-1.6795591 53.8059454)",Leeds,191,LS28 6QB,Bradford Road,The Corner Shop,,,Stanningley,322328,,,,convenience,
"POINT (-1.6782957 53.8058163)",Leeds,2,LS28 6PS,Beechwood Street,Sandys Sandwich Shop,fast_food,sandwich,Stanningley,,yes,,,,
