WKT,highway,name,oneway,lanes,maxspeed,service,ref,turn:lanes,surface,foot,bicycle,horse,maxspeed:type,access,segregated,lanes:backward,lanes:forward,junction,crossing,crossing_ref,cycleway,route,route_name,route_pref_color,lit,turn:lanes:backward,turn:lanes:forward
"LINESTRING (-1.6841207 53.8063751,-1.6841983 53.8065395,-1.684349 53.8068236,-1.6844506 53.8070151,-1.6846015 53.8072899,-1.684669 53.8074128,-1.6848087 53.8077032,-1.6849082 53.8079708,-1.6849424 53.8081622,-1.6849794 53.8084511,-1.6850189 53.8089096,-1.6849446 53.8094276,-1.6847176 53.8099635,-1.6843894 53.8105022,-1.6839625 53.8110038,-1.6834764 53.8114688,-1.6829857 53.8119068,-1.6825258 53.8123059,-1.6824466 53.8123748,-1.6816826 53.8130986,-1.6808352 53.8138423,-1.6800286 53.8145872,-1.6792195 53.8153192,-1.6779971 53.8164312,-1.6778356 53.8165662,-1.6776763 53.8167131,-1.6763924 53.817805,-1.6752059 53.8187281,-1.674238 53.8194524,-1.6739845 53.819665,-1.6736319 53.8199309,-1.6714405 53.8215835,-1.6705811 53.8222316,-1.6687809 53.8237467,-1.6681722 53.824259,-1.6680893 53.824419,-1.66805 53.8244928,-1.6679981 53.8245902,-1.6678034 53.824751,-1.6676186 53.8248262,-1.6673921 53.8248608,-1.6670124 53.8248753,-1.6664648 53.8249993,-1.6664052 53.8250279,-1.6657695 53.8253325,-1.6655856 53.8254368,-1.6654959 53.8254876,-1.665298 53.8256021,-1.6650282 53.825772,-1.6643158 53.826228,-1.6637407 53.8266072,-1.6629418 53.8271508,-1.6626349 53.8273596,-1.6622245 53.8276312,-1.6620508 53.8277462,-1.6614217 53.8281606,-1.6609182 53.8285153,-1.6606481 53.8286776,-1.6602174 53.8289701,-1.659269 53.8295816,-1.6568931 53.8312015,-1.654953 53.8325001,-1.653088 53.833732,-1.6529201 53.8338434,-1.6526861 53.8339987,-1.6524998 53.8341223,-1.6523561 53.8342176,-1.6521199 53.8343743,-1.6520139 53.8344905,-1.6519231 53.8345842,-1.651845 53.8346588,-1.6518459 53.8346994,-1.6518338 53.8347372,-1.6517733 53.834806,-1.6516481 53.8348634,-1.6515285 53.8348808,-1.6513858 53.8348674,-1.6509304 53.8349054,-1.6510738 53.8348252,-1.6511304 53.8347634,-1.6511708 53.8346878,-1.6511711 53.8346706,-1.6511817 53.8346308,-1.6512252 53.8345727,-1.6513008 53.8345241,-1.6513943 53.8344938,-1.6514846 53.8344823,-1.6515969 53.8344887,-1.6517509 53.8344815,-1.6518804 53.8344579,-1.6521199 53.8343743)",,Leeds Outer Ring Road,,,,,,,,,,,,,,,,,,,,road,Leeds Outer Ring Road,0,,,
"LINESTRING (-1.68628 53.8079673,-1.6853568 53.8065558,-1.6850765 53.8064195,-1.6848128 53.8064195,-1.6841983 53.8065395)",residential,Priesthorpe Avenue,,,,,,,,,,,,,,,,,,,,,,,,,
"LINESTRING (-1.6859365 53.8055496,-1.6857402 53.8055876,-1.6847836 53.8057722)",trunk,Bradford Road,yes,3,40 mph,,A647,"left;through|right|right",,,,,,,,,,,,,,,,,,,
"LINESTRING (-1.6861236 53.8061533,-1.6869559 53.80739,-1.686998 53.8074489,-1.6870516 53.8074822,-1.6871254 53.8075004,-1.6872085 53.8074956,-1.6874808 53.8074374,-1.6876339 53.8076688)",residential,Meadow Park Drive,,,,,,,,,,,,,,,,,,,,,,,,,
"LINESTRING (-1.6857402 53.8055876,-1.6857702 53.8056321,-1.6861236 53.8061533,-1.6867887 53.8059981,-1.6869081 53.8059767,-1.6869886 53.8059814,-1.687065 53.8060084,-1.6871052 53.8060487,-1.6878589 53.8072272,-1.6878697 53.8072905,-1.6878321 53.8073412,-1.687761 53.8073733,-1.6874808 53.8074374)",residential,Meadow Park Crescent,,,,,,,,,,,,,,,,,,,,,,,,,
"LINESTRING (-1.68705 53.805334,-1.6870685 53.8053691,-1.6873039 53.805781)",service,,,,,alley,,,,,,,,,,,,,,,,,,,,,
"LINESTRING (-1.6881642 53.8061827,-1.6881495 53.8061462,-1.6881508 53.8061011,-1.688183 53.8060631,-1.688293 53.8060251,-1.6884526 53.8060061,-1.6886162 53.8060195,-1.6887856 53.8060453)",residential,Woodhall Park Gardens,,,,,,,,,,,,,,,,,,,,,,,,,
"LINESTRING (-1.6897983 53.8067452,-1.6897494 53.8066675,-1.689728 53.8066081,-1.6897145 53.80654,-1.6897038 53.8064917,-1.689685 53.8064648,-1.6896582 53.8064474,-1.689618 53.806441,-1.6893659 53.806441)",service,,,,,alley,,,,,,,,private,,,,,,,,,,,,,
"LINESTRING (-1.6889332 53.8070759,-1.688824 53.8064068,-1.6887966 53.8062285,-1.6887856 53.8060453,-1.6888303 53.8059048,-1.6889618 53.8057767,-1.689213 53.8056456,-1.6900638 53.8054695)",residential,Woodhall Park Crescent East,,,,,,,,,,,,,,,,,,,,,,,,,
"LINESTRING (-1.6897007 53.8048136,-1.6897212 53.8048507,-1.6900638 53.8054695,-1.6903499 53.8060224,-1.6906088 53.8065226)",residential,Woodhall Park Drive,,,,,,,,,,,,,,,,,,,,,,,,,
"LINESTRING (-1.6908569 53.8059611,-1.6903499 53.8060224)",residential,Shortway,,,,,,,,,,,,,,,,,,,,,,,,,
"LINESTRING (-1.6900638 53.8054695,-1.6903932 53.8054132,-1.6907052 53.8053788,-1.6909949 53.805375,-1.6912788 53.8053857,-1.6914679 53.8054269,-1.6916663 53.8054924,-1.6917757 53.805618,-1.6921719 53.8064459)",residential,Woodhall Park Crescent West,,,,,,,,,,,,,,,,,,,,,,,,,
"LINESTRING (-1.6846839 53.8056668,-1.6873803 53.8051289,-1.6877598 53.8050565,-1.6884072 53.804935,-1.6905916 53.8045156)",trunk,Bradford Road,yes,3,40 mph,,A647,,asphalt,yes,yes,yes,,,,,,,,,,,,,,,
"LINESTRING (-1.6873803 53.8051289,-1.6873419 53.8050841,-1.686555 53.8041666,-1.6861855 53.8037411)",residential,Ederoyd Drive,,,,,,,,,,,,,,,,,,,,,,,,,
"LINESTRING (-1.6884072 53.804935,-1.688366 53.8048862,-1.687942 53.8043835,-1.6875843 53.8039652,-1.6870784 53.8033856)",residential,Ederoyd Grove,,,,,,,,,,,,,,,,,,,,,,,,,
"LINESTRING (-1.6853564 53.8040764,-1.6861855 53.8037411,-1.6870784 53.8033856,-1.6874356 53.8032403,-1.6876185 53.8031137,-1.6877887 53.8029126,-1.6880991 53.802549,-1.6881721 53.8024795,-1.6882575 53.8024218,-1.6884794 53.8023149,-1.6885315 53.8023059,-1.6885752 53.8023121,-1.6886169 53.8023289,-1.6888951 53.8025552,-1.6889172 53.8026446,-1.6881197 53.8029927,-1.688003 53.8029852,-1.6877887 53.8029126)",residential,The Fairway,,,,,,,,,,,,,,,,,,,,,,,,,
"LINESTRING (-1.6875843 53.8039652,-1.6893617 53.8031933,-1.690068 53.8028803,-1.6901334 53.8028647,-1.6902008 53.8028624)",residential,Ederoyd Avenue,,,,,,,,,,,,,,,,,,,,,,,,,
"LINESTRING (-1.692377 53.8042881,-1.6921771 53.8043245,-1.6897007 53.8048136,-1.688024 53.8051452,-1.68705 53.805334,-1.6859365 53.8055496)",trunk,Bradford Road,yes,3,40 mph,,A647,,,,,,,,,,,,,,,,,,,,
"LINESTRING (-1.6919677 53.8050273,-1.6915556 53.8052123,-1.6912788 53.8053857)",residential,Westmead,,,,,,,,,,,,,,,,,,,,,,,,,
"LINESTRING (-1.6905916 53.8045156,-1.6920876 53.8042283,-1.6921845 53.8042052,-1.6922272 53.804195,-1.6924629 53.8041519)",trunk,Bradford Road,yes,3,40 mph,,A647,"left;through|through|through",asphalt,yes,yes,yes,,,,,,,,,,,,,,,
"LINESTRING (-1.6902008 53.8028624,-1.6902605 53.8028708,-1.6903041 53.8028865,-1.6903402 53.8029111,-1.690739 53.8033195,-1.691057 53.803648,-1.6910694 53.8036817,-1.6910628 53.8037137,-1.6910409 53.8037439,-1.6910059 53.8037652,-1.690967 53.8037781,-1.6901223 53.8039497,-1.687942 53.8043835)",residential,Ederoyd Crescent,,,,,,,,,,,,,,,,,,,,,,,,,
"LINESTRING (-1.6901223 53.8039497,-1.6893617 53.8031933)",residential,Ederoyd Mount,,,,,,,,,,,,,,,,,,,,,,,,,
"LINESTRING (-1.690739 53.8033195,-1.69168 53.8029974)",residential,Ederoyd Rise,,,,,,,,,,,,,,,,,,,,,,,,,
"LINESTRING (-1.6899465 53.8012843,-1.6895411 53.8014357,-1.6893362 53.80158,-1.6892101 53.8016986,-1.6892535 53.8017475,-1.6892298 53.8017847,-1.6891668 53.8017987,-1.6891035 53.8017917,-1.6890761 53.8017638,-1.6890761 53.8017242,-1.6891195 53.801701,-1.6892101 53.8016986)",residential,Thorne Close,,,,,,,,,,,,,,,,,,,,,,,,,
"LINESTRING (-1.6924238 53.8037172,-1.691838 53.8031503,-1.69168 53.8029974,-1.6910654 53.8023791,-1.6907827 53.8020951,-1.6902288 53.8015705,-1.690009 53.801344,-1.6899465 53.8012843,-1.689382 53.8007238,-1.6893363 53.8006821,-1.6892958 53.8006425,-1.68926 53.8006083,-1.6892022 53.8005515,-1.6887038 53.8001063,-1.6886192 53.8000039,-1.6885632 53.7999173)",secondary,Galloway Lane,,,30 mph,,B6154,,,,,,,,,,,,,,,,,,,,
"LINESTRING (-1.69145 53.8017987,-1.6913722 53.8017399)",residential,Galloway Court,,,,,,,,,,,,,,,,,,,,,,,,,
"LINESTRING (-1.6907827 53.8020951,-1.6912243 53.8018963,-1.6912321 53.8018093,-1.6913722 53.8017399,-1.6915887 53.8016041,-1.6919856 53.8014125,-1.6922085 53.8015469)",residential,Galloway Court,,,,,,,,,,,,,,,,,,,,,,,,,
"LINESTRING (-1.6917317 53.8011555,-1.691433 53.8009524)",residential,Chatsworth Drive,,,20 mph,,,,asphalt,,,,sign,,,,,,,,,,,,,,
"LINESTRING (-1.6925402 53.8042586,-1.692377 53.8042881)",trunk,Bradford Road,yes,3,40 mph,,A647,through|through|through,asphalt,no,yes,yes,,,,,,,,,,,,,,,
"LINESTRING (-1.6925402 53.8042586,-1.6924749 53.8041916,-1.6924629 53.8041519)",trunk,Bradford Road,yes,2,40 mph,,,,,,,,,,,,,,,,,,,,,,
"LINESTRING (-1.6924629 53.8041519,-1.6924628 53.8041132,-1.6924671 53.8040937,-1.6924783 53.804066,-1.6924965 53.8040378)",trunk,Bradford Road,yes,2,40 mph,,,,,,,,,,,,,,,,,,,,,,
"LINESTRING (-1.6924965 53.8040378,-1.6925008 53.8039539,-1.6924856 53.8038674,-1.6924238 53.8037172)",secondary,Galloway Lane,yes,2,,,B6154,,,,,,,,,,,,,,,,,,,,
"LINESTRING (-1.6924852 53.8023032,-1.6922493 53.8023414)",residential,Moorland Drive,,,,,,,,,,,,,,,,,,,,,,,,,
"LINESTRING (-1.683463 53.8058294,-1.6834383 53.8057267,-1.6833868 53.8056424,-1.6833027 53.8055478,-1.6829091 53.805199,-1.682403 53.8047506,-1.6820198 53.8044042,-1.6815465 53.8040358,-1.6809154 53.8036856,-1.6805739 53.8034933,-1.6804284 53.8034113,-1.679587 53.8030144,-1.6784752 53.8026299,-1.6772354 53.8023047,-1.6757259 53.8019817,-1.6740757 53.8017178,-1.6724827 53.801542,-1.6711742 53.8014516,-1.6703598 53.8014127,-1.6699795 53.8014101,-1.6689898 53.8013975,-1.66699 53.8014201,-1.6665541 53.801428,-1.6658441 53.8014519,-1.665526 53.8014579,-1.6641335 53.8015156,-1.6616259 53.8016974,-1.660365 53.8018265,-1.659964 53.8018676,-1.6583921 53.8020513,-1.6552699 53.8025461,-1.6521264 53.8031044,-1.6495247 53.8036339,-1.647364 53.8041211,-1.6459749 53.8044514,-1.6445992 53.8047861,-1.6439844 53.8049068,-1.6435398 53.8049655,-1.6430172 53.8050068,-1.6421601 53.804997,-1.6412467 53.804912,-1.6405991 53.804778,-1.6399026 53.8045771,-1.6394162 53.8043959,-1.6389915 53.8041798,-1.6383389 53.8038176,-1.6377952 53.8034246,-1.6365535 53.8025803,-1.6358723 53.8021775,-1.6354811 53.8019794,-1.634992 53.8018003,-1.634462 53.8016417,-1.6338376 53.8015612,-1.6332645 53.8015015,-1.6327055 53.8015104,-1.6317638 53.8015398,-1.6312864 53.8015199,-1.6309044 53.8014182,-1.6306126 53.8012713,-1.6303858 53.8011058,-1.630226 53.8008684,-1.6301699 53.8006981,-1.6300598 53.800488,-1.6299684 53.800302,-1.6298522 53.8001115,-1.6296849 53.7999772,-1.629485 53.7998504,-1.6289039 53.7995253,-1.6284499 53.7992248,-1.6280241 53.7988734,-1.6277273 53.7985758,-1.6277059 53.7985543,-1.6275144 53.7984081)",,Leeds Outer Ring Road,,,,,,,,,,,,,,,,,,,,road,Leeds Outer Ring Road,0,,,
"LINESTRING (-1.6280181 53.7982486,-1.6279245 53.7984094,-1.6279215 53.7985319,-1.6279851 53.798644,-1.6281414 53.7987836,-1.6285243 53.7991185,-1.6288943 53.7993529,-1.6290401 53.7994453,-1.6294135 53.7996587,-1.6295394 53.7997305,-1.6297766 53.7998767,-1.6301538 53.8001091,-1.6307265 53.80042,-1.6311583 53.800648,-1.6314303 53.8007687,-1.6318946 53.8009182,-1.6323184 53.8010297,-1.6329927 53.8011859,-1.6338102 53.8013537,-1.6342218 53.8014415,-1.6349883 53.8016567,-1.6353588 53.8017984,-1.6357019 53.8019391,-1.6359053 53.802028,-1.6359812 53.802061,-1.6372012 53.8028527,-1.6382889 53.8036056,-1.6391693 53.8041309,-1.639617 53.8043392,-1.6401012 53.8045176,-1.6406799 53.8046746,-1.6412903 53.8048091,-1.6417955 53.8048621,-1.6423006 53.8048961,-1.6429226 53.8048863,-1.6435178 53.804857,-1.6440172 53.8047853,-1.6445688 53.8046765,-1.6459141 53.8043478,-1.6473069 53.8040085,-1.6494925 53.8035187,-1.6520815 53.8029862,-1.6552943 53.8024235,-1.6575863 53.8020574,-1.6596988 53.8017941,-1.661802 53.8015745,-1.6646624 53.80138,-1.6665149 53.8013256,-1.6675521 53.8013135,-1.6679904 53.8012999,-1.6681588 53.8012964,-1.6692347 53.8012817,-1.6701601 53.8012985,-1.670408 53.8013094,-1.6709738 53.8013336,-1.6713818 53.8013527,-1.6725117 53.8014391,-1.6744641 53.8016631,-1.6751242 53.8017537,-1.6761193 53.8019351,-1.6773306 53.8021822,-1.678523 53.8024935,-1.6797449 53.8029433,-1.6807102 53.8034053,-1.6807514 53.803425,-1.6816342 53.8039685,-1.6822365 53.8044116,-1.6825846 53.8047103,-1.682723 53.8048331,-1.6834263 53.8054569,-1.6835445 53.8055933,-1.6836045 53.8056229,-1.6836973 53.8056678,-1.6838828 53.805723)",,Leeds Outer Ring Road,,,,,,,,,,,,,,,,,,,,road,Leeds Outer Ring Road,0,,,
"LINESTRING (-1.683463 53.8058294,-1.6834383 53.8057267,-1.6833868 53.8056424,-1.6833027 53.8055478,-1.6829091 53.805199,-1.682403 53.8047506,-1.6820198 53.8044042,-1.6815465 53.8040358,-1.6809154 53.8036856,-1.6805739 53.8034933,-1.6804284 53.8034113,-1.679587 53.8030144,-1.6784752 53.8026299,-1.6772354 53.8023047,-1.6757259 53.8019817,-1.6740757 53.8017178,-1.6724827 53.801542,-1.6711742 53.8014516)",trunk,Stanningley Bypass,yes,2,70 mph,,A647,,,,,,,,,,,,,,,,,,,,
"LINESTRING (-1.682723 53.8048331,-1.6834263 53.8054569)",trunk,Stanningley Bypass,yes,3,70 mph,,A647,left|through|right,,,,,,,,,,,,,,,,,,,
"LINESTRING (-1.6938612 53.8019621,-1.6942798 53.8018054)",residential,Moorland Drive,,,,,,,,,,,,,,,,,,,,,,,,,
"LINESTRING (-1.6995936 53.8019732,-1.6992213 53.802013,-1.6989005 53.8020792)",residential,Daleside Close,,,,,,,,,,,,,,,,,,,,,,,,,
"LINESTRING (-1.6808936 53.8076481,-1.6799336 53.80764,-1.6799255 53.8077453,-1.6799001 53.8077937,-1.6798893 53.8078142,-1.679884 53.8079346,-1.6809784 53.8079543,-1.6812908 53.8079599,-1.6812959 53.8078135,-1.6813016 53.8076515)",service,,,,,parking_aisle,,,,,,,,,,,,,,,,,,,,,
"LINESTRING (-1.6812959 53.8078135,-1.6799001 53.8077937)",service,,,,,parking_aisle,,,,,,,,,,,,,,,,,,,,,
"LINESTRING (-1.6803448 53.8069661,-1.6803502 53.8068665)",service,,,,,,,,,,,,,,,,,,,,,,,,,,
"LINESTRING (-1.6821705 53.806223,-1.6818098 53.8062727,-1.6816309 53.8062749,-1.6812348 53.806246,-1.6807351 53.8061836,-1.6806409 53.806174,-1.6799672 53.8061057,-1.6796615 53.8060728,-1.679347 53.8060389,-1.6792323 53.8060265,-1.6787515 53.8059747,-1.678377 53.8059344,-1.678127 53.8059075,-1.6777608 53.805868,-1.6769826 53.805788,-1.676627 53.8057514,-1.6764159 53.8057297,-1.676137 53.805701,-1.6755555 53.8056346,-1.6753613 53.8056142)",secondary,Bradford Road,,,30 mph,,B6157,,,,,,,,,,,,,,,,,,,,
"LINESTRING (-1.6792323 53.8060265,-1.6792127 53.8060895,-1.6791765 53.8062058,-1.6796026 53.8062459)",service,,,,,,,,,,,,,private,,,,,,,,,,,,,
"LINESTRING (-1.6810761 53.806669,-1.6809685 53.8067795,-1.6808359 53.8068725,-1.6806867 53.8069312,-1.6804961 53.8069679,-1.6803448 53.8069661,-1.6800817 53.806963,-1.6794289 53.806958,-1.678652 53.8069459)",residential,Dawsons Corner,,,,,,,,,,,,,,,,,,,,,,,,,
"LINESTRING (-1.6800943 53.8060058,-1.6800974 53.8058888,-1.6796969 53.8058575)",service,,,,,,,,,,,,,,,,,,,,,,,,,,
"LINESTRING (-1.6807351 53.8061836,-1.6807318 53.806253,-1.680724 53.8064148,-1.6807779 53.8065029,-1.6808566 53.8065842,-1.6810761 53.806669,-1.6813912 53.806755,-1.6816672 53.8068715,-1.6817595 53.8069539,-1.6819098 53.8070882,-1.6819963 53.8072615,-1.6820138 53.8073535,-1.6820171 53.8074303,-1.6819187 53.8076566,-1.6818026 53.8077851,-1.681497 53.8080407,-1.6814208 53.8081045,-1.680991 53.8084816,-1.6808644 53.8086554,-1.6807832 53.808822,-1.6807466 53.8089974,-1.6807418 53.8090429,-1.6807963 53.8094304,-1.6808414 53.8097251,-1.6809221 53.8100793,-1.6809855 53.8102249,-1.6810116 53.8102847,-1.6811745 53.8105336)",residential,Cote Lane,,2,,,,,,,,,,,,,,,,,,,,,,,
"LINESTRING (-1.6819187 53.8076566,-1.6813016 53.8076515,-1.6808936 53.8076481,-1.6808947 53.8076055,-1.6808967 53.8075324,-1.6809043 53.8072567)",service,,,,,,,,,,,,,,,,,,,,,,,,,,
"LINESTRING (-1.6821974 53.8074307,-1.6822497 53.8075574)",service,,,,,parking_aisle,,,,,,,,private,,,,,,,,,,,,,
"LINESTRING (-1.6824374 53.8073951,-1.6824937 53.8075175)",service,,,,,parking_aisle,,,,,,,,private,,,,,,,,,,,,,
"LINESTRING (-1.6830505 53.8071975,-1.6820138 53.8073535)",service,,,,,,,,,,,,,,,,,,,,,,,,,,
"LINESTRING (-1.6822497 53.8075574,-1.6824937 53.8075175,-1.6827308 53.8074787,-1.6829541 53.8074422,-1.6831308 53.8074133)",service,,,,,parking_aisle,,,,,,,,private,,,,,,,,,,,,,
"LINESTRING (-1.6826802 53.8073634,-1.6827308 53.8074787)",service,,,,,parking_aisle,,,,,,,,private,,,,,,,,,,,,,
"LINESTRING (-1.6829028 53.8073333,-1.6829541 53.8074422)",service,,,,,parking_aisle,,,,,,,,private,,,,,,,,,,,,,
"LINESTRING (-1.6829595 53.8069846,-1.6826975 53.8070217,-1.682729 53.8070993,-1.6821523 53.8071808,-1.6820944 53.807038,-1.6826711 53.8069564,-1.6826975 53.8070217)",service,,,,,parking_aisle,,,,,,,,,,,,,,,,,,,,,
"LINESTRING (-1.6831308 53.8074133,-1.6830946 53.8073222,-1.6830893 53.807288,-1.6830505 53.8071975,-1.682991 53.8070582,-1.6829595 53.8069846,-1.6828689 53.8067727,-1.6826918 53.8067991)",service,,,,,,,,,,,,,,,,,,,,,,,,,,
"LINESTRING (-1.682991 53.8070582,-1.6832045 53.8070262)",service,,,,,parking_aisle,,,,,,,,,,,,,,,,,,,,,
"LINESTRING (-1.6832887 53.8072241,-1.6832045 53.8070262,-1.6831467 53.8068989)",service,,,,,parking_aisle,,,,,,,,,,,,,,,,,,,,,
"LINESTRING (-1.6824174 53.8061889,-1.6823055 53.8062809,-1.682017 53.8065182,-1.6816672 53.8068715)",residential,Cote Lane,,2,,,,,,,,,,,,,,,,,,,,,,,
"LINESTRING (-1.6836642 53.8061297,-1.6833131 53.8061139,-1.6828708 53.806116)",secondary,Bradford Road,yes,1,30 mph,,,,asphalt,,,,,,,,,,,,,,,,,,
"LINESTRING (-1.6828708 53.806116,-1.6830292 53.8060705,-1.683178 53.8060242,-1.683217 53.8060111,-1.6833303 53.805951,-1.6833792 53.805913,-1.6834391 53.8058633)",secondary,Bradford Road,yes,3,30 mph,,,"left|through|through;right",asphalt,,,,,,,,,,,,,,,,,,
"LINESTRING (-1.6836642 53.8061297,-1.6835989 53.8061149,-1.683567 53.8060992,-1.6834855 53.8060492,-1.6834327 53.8059799,-1.6834249 53.8059011,-1.6834391 53.8058633,-1.683463 53.8058294)",trunk,Dawsons Corner,yes,3,40 mph,,,"through|through;right|right",,,,,,,,,,roundabout,,,,,,,,,
"LINESTRING (-1.6834263 53.8054569,-1.6835445 53.8055933,-1.6836045 53.8056229,-1.6836973 53.8056678,-1.6838828 53.805723)",trunk,Stanningley Bypass,yes,2,,,A647,through|right,,,,,,,,,,,,,,,,,,,
"LINESTRING (-1.6846015 53.8072899,-1.6844506 53.8070151,-1.684349 53.8068236)",trunk,Ring Road Farsley,,,60 mph,,A6120,,,,,,UK:nsl_single,,,1,2,,,,,,,,,,"left;through|through;right"
"LINESTRING (-1.684349 53.8068236,-1.6841983 53.8065395,-1.6841207 53.8063751)",trunk,Ring Road Farsley,,,60 mph,,A6120,,,,,,UK:nsl_single,,,1,3,,,,,,,,,,"left;through|through;right|right"
"LINESTRING (-1.6841207 53.8063751,-1.6839651 53.8062603,-1.6839157 53.8062229,-1.6838146 53.8061751,-1.6837223 53.8061386)",trunk,,yes,3,60 mph,,A6120,"left;through|through;right|right",,,,,UK:nsl_single,,,,,,,,,,,,,,
"LINESTRING (-1.6837223 53.8061386,-1.6838146 53.8061751,-1.6839157 53.8062229,-1.6839651 53.8062603,-1.6841207 53.8063751,-1.6840781 53.8061853,-1.6840744 53.8061283,-1.6841177 53.8060129)",,Leeds Outer Ring Road,,,,,,,,,,,,,,,,,,,,road,Leeds Outer Ring Road,0,,,
"LINESTRING (-1.6841336 53.8059811,-1.6841177 53.8060129,-1.6841027 53.8060283,-1.6840488 53.8060732,-1.6839544 53.8061163,-1.6838228 53.8061404,-1.6837223 53.8061386,-1.6836642 53.8061297)",trunk,Dawsons Corner,yes,3,40 mph,,,through|right|right,,,,,,,,,,roundabout,,,,,,,,,
"LINESTRING (-1.683463 53.8058294,-1.6835111 53.8057879,-1.6835723 53.805755,-1.6836722 53.8057251,-1.6837831 53.8057148,-1.6838828 53.805723,-1.6839424 53.8057366,-1.6840532 53.8057862,-1.6841119 53.8058392,-1.6841346 53.8058778,-1.6841437 53.8059451,-1.6841336 53.8059811,-1.6841177 53.8060129,-1.6841027 53.8060283,-1.6840488 53.8060732,-1.6839544 53.8061163,-1.6838228 53.8061404,-1.6837223 53.8061386,-1.6836642 53.8061297,-1.6835989 53.8061149,-1.683567 53.8060992,-1.6834855 53.8060492,-1.6834327 53.8059799,-1.6834249 53.8059011,-1.6834391 53.8058633,-1.683463 53.8058294)",,Leeds Outer Ring Road,,,,,,,,,,,,,,,,,,,,road,Leeds Outer Ring Road,0,,,
"LINESTRING (-1.6838949 53.8056686,-1.6836414 53.8055977,-1.6836045 53.8056229,-1.6834383 53.8057267,-1.6833062 53.8057624,-1.6832927 53.8058432,-1.6831855 53.8059477,-1.683178 53.8060242,-1.6833131 53.8061139,-1.6834134 53.8061473,-1.6837648 53.8062439,-1.6839157 53.8062229,-1.6840781 53.8061853,-1.6842557 53.8061077,-1.6844327 53.8059335,-1.6843511 53.805874,-1.6842798 53.8058083,-1.6840932 53.8057325,-1.6840438 53.8056911,-1.6838949 53.8056686)",cycleway,,,,,,,,,,,,,,,,,,,,,,,,,,
"LINESTRING (-1.6841177 53.8060129,-1.6840744 53.8061283,-1.6840781 53.8061853,-1.6841207 53.8063751)",trunk,,yes,1,60 mph,,A6120,,,,,,UK:nsl_single,,,,,,,,,,,,,,
"LINESTRING (-1.683463 53.8058294,-1.6835111 53.8057879,-1.6835723 53.805755,-1.6836722 53.8057251,-1.6837831 53.8057148,-1.6838828 53.805723,-1.6839424 53.8057366)",trunk,Dawsons Corner,yes,3,40 mph,,,through|through|right,,,,,,,,,,roundabout,,,,,,,,,
"LINESTRING (-1.6839424 53.8057366,-1.6840532 53.8057862,-1.6841119 53.8058392,-1.6841346 53.8058778,-1.6841437 53.8059451,-1.6841336 53.8059811)",trunk,Dawsons Corner,yes,2,40 mph,,,through|right,,,,,,,,,,roundabout,,,,,,,,,
"LINESTRING (-1.6834263 53.8054569,-1.6836161 53.8055424,-1.6838238 53.8056069,-1.6839328 53.8056268,-1.6841185 53.8056608,-1.6843259 53.8056805,-1.6846839 53.8056668)",trunk,,yes,1,,,,,,,,,,,,,,,,,,,,,,,
"LINESTRING (-1.6839424 53.8057366,-1.6840932 53.8057325,-1.6842374 53.8057274,-1.6844736 53.8057094,-1.6846839 53.8056668)",trunk,Bradford Road,yes,2,40 mph,,A647,,asphalt,yes,yes,yes,,,,,,,,,,,,,,,
"LINESTRING (-1.6847836 53.8057722,-1.6844421 53.8058381,-1.6843511 53.805874,-1.684263 53.8059087,-1.6841336 53.8059811)",trunk,Bradford Road,yes,4,40 mph,,A647,left|through|right|right,,,,,,,,,,,,,,,,,,,
"LINESTRING (-1.6929769 53.80459,-1.6932118 53.8052078,-1.6933224 53.8054597,-1.6935847 53.806124,-1.6938388 53.8067838,-1.6940162 53.8071903,-1.6941092 53.807405,-1.6941945 53.8076636,-1.6942667 53.8078341,-1.6944782 53.8083898,-1.6945811 53.8086335,-1.6947318 53.8089559,-1.6950501 53.8095373,-1.6951015 53.8096393,-1.695305 53.8100108,-1.6954883 53.8103407,-1.6956389 53.8106811,-1.6956756 53.8108908,-1.6956622 53.8111114,-1.6956415 53.8113401,-1.6955852 53.811744,-1.6955725 53.8119499,-1.6955879 53.8121272,-1.6956469 53.8123252,-1.695714 53.8125184,-1.695891 53.8128446,-1.6960546 53.8131693,-1.6964355 53.813836,-1.6965294 53.8140735,-1.696583 53.8142145)",tertiary,Woodhall Lane,,,40 mph,,,,,,,,,,,,,,,,,,,,,,
"LINESTRING (-1.7204917 53.8065868,-1.7203356 53.8065105,-1.7201449 53.8064439,-1.7199079 53.8063667,-1.7191851 53.806213,-1.7189446 53.8061731,-1.7182045 53.8060512,-1.7180764 53.8060301,-1.7172491 53.8058937,-1.7147289 53.8054832,-1.7137364 53.8053173,-1.7123562 53.8050942,-1.7116747 53.8049833,-1.7097945 53.8046702,-1.7092558 53.8045744,-1.708741 53.8044827,-1.7081643 53.8043852,-1.7074512 53.8042315,-1.7067172 53.8040409,-1.7066082 53.8040104,-1.7065584 53.8039946,-1.7062115 53.8038843,-1.7058532 53.8037704,-1.7055087 53.8036616,-1.704879 53.8034688,-1.7039272 53.803179,-1.7033585 53.8030025,-1.7018556 53.802561,-1.7016024 53.8024913,-1.701481 53.8024529,-1.7013968 53.8024262)",tertiary,Gain Lane,,,30 mph,,,,,,,,,,,,,,,,,,,,,,
"LINESTRING (-1.6957829 53.8036543,-1.6945191 53.8039231,-1.6933075 53.8041469,-1.6932199 53.8041633,-1.6928803 53.8042288,-1.692579 53.8042951,-1.6924773 53.8043125,-1.6921373 53.8043856,-1.6903107 53.804731,-1.6897212 53.8048507,-1.6887417 53.8050477,-1.688051 53.8051865,-1.687819 53.8052331,-1.6870685 53.8053691,-1.6867702 53.8054231,-1.6857702 53.8056321,-1.685659 53.8056528,-1.6849356 53.8057874,-1.6846406 53.8058555,-1.6844327 53.8059335)",path,,yes,,,,,,,designated,designated,,,,yes,,,,,,,,,,,,
"LINESTRING (-1.6838949 53.8056686,-1.6839328 53.8056268,-1.6839579 53.8055882,-1.6843817 53.8056389,-1.6848229 53.8055815,-1.6862526 53.8053043,-1.6873419 53.8050841,-1.6875615 53.8050446,-1.6877313 53.8050112,-1.688366 53.8048862,-1.6888449 53.8047994,-1.6910872 53.8043654,-1.6918477 53.8042257,-1.6921616 53.804161,-1.6923665 53.8041187,-1.6924671 53.8040937,-1.6931393 53.8039888,-1.6932704 53.8039535,-1.693406 53.803917,-1.6949899 53.8035772,-1.6967452 53.80321,-1.6970845 53.8031411)",path,,yes,,,,,,,designated,designated,,,,yes,,,,,,,,,,,,
"LINESTRING (-1.6929769 53.80459,-1.6928571 53.8044189,-1.6927548 53.8043518)",tertiary,,yes,2,,,,"left;through|through;right",,,,,,,,,,,,,,,,,,,
"LINESTRING (-1.6927548 53.8043518,-1.6926095 53.8043106,-1.692579 53.8042951,-1.6925402 53.8042586)",trunk,Bradford Road,yes,2,40 mph,,,"left;through|through;right",,,,,,,,,,,,,,,,,,,
"LINESTRING (-1.6932243 53.8041277,-1.6925402 53.8042586)",trunk,Bradford Road,yes,3,40 mph,,A647,through|through|through,asphalt,no,yes,yes,,,,,,,,,,,,,,,
"LINESTRING (-1.6931526 53.8042654,-1.6929769 53.80459)",tertiary,,yes,2,,,,,,,,,,,,,,,,,,,,,,,
"LINESTRING (-1.6931526 53.8042654,-1.6930503 53.8043223,-1.6929172 53.8043538,-1.6927548 53.8043518)",trunk,Bradford Road,yes,2,40 mph,,,"left;through|through;right",,,,,,,,,,,,,,,,,,,
"LINESTRING (-1.6932243 53.8041277,-1.6932199 53.8041633,-1.6932177 53.8041795,-1.6931526 53.8042654)",trunk,Bradford Road,yes,2,40 mph,,,,,,,,,,,,,,,,,,,,,,
"LINESTRING (-1.6924629 53.8041519,-1.6931764 53.8040207)",trunk,Bradford Road,yes,3,40 mph,,A647,through|through|through,asphalt,no,yes,yes,,,,,,,,,,,,,,,
"LINESTRING (-1.6924965 53.8040378,-1.6925893 53.8039637,-1.6927048 53.8039218,-1.6928452 53.8039064)",trunk,Bradford Road,yes,2,40 mph,,,"left;through|through;right",,,,,,,,,,,,,,,,,,,
"LINESTRING (-1.6931764 53.8040207,-1.6931904 53.8040368,-1.6932222 53.8040994,-1.6932243 53.8041277)",trunk,Bradford Road,yes,2,40 mph,,,,,,,,,,,,,,,,,,,,,,
"LINESTRING (-1.6928452 53.8039064,-1.6929779 53.8039207,-1.6930448 53.8039401,-1.6931393 53.8039888,-1.6931764 53.8040207)",trunk,Bradford Road,yes,2,40 mph,,,"left;through|through;right",,,,,,,,,,,,,,,,,,,
"LINESTRING (-1.6924238 53.8037172,-1.6925591 53.8038187,-1.6926375 53.8038622,-1.6928452 53.8039064)",secondary,Galloway Lane,yes,2,,,B6154,"through|through;right",,,,,,,,,,,,,,,,,,,
"LINESTRING (-1.6924238 53.8037172,-1.6925798 53.8037653,-1.69276 53.8038209,-1.6930939 53.8038817,-1.6932907 53.8039169,-1.693406 53.803917,-1.6934518 53.8039171,-1.6935137 53.8039119,-1.6938258 53.8038859)",secondary_link,Galloway Lane,yes,1,,,B6154,,,,,,,,,,,,,,,,,,,,
"LINESTRING (-1.6931764 53.8040207,-1.6934712 53.8039577)",trunk,Bradford Road,yes,3,40 mph,,A647,through|through|through,asphalt,no,yes,yes,,,,,,,,,,,,,,,
"LINESTRING (-1.695186 53.8037408,-1.6934854 53.8040739,-1.6932243 53.8041277)",trunk,Bradford Road,yes,3,40 mph,,A647,"left;through|through|through",asphalt,no,yes,yes,,,,,,,,,,,,,,,
"LINESTRING (-1.6934712 53.8039577,-1.6938258 53.8038859,-1.6950258 53.8036381,-1.695719 53.8034954)",trunk,Bradford Road,yes,3,40 mph,,A647,,,,,,,,,,,,,,,,,,,,
"LINESTRING (-1.6964566 53.802707,-1.6947185 53.8030492,-1.693583 53.8032738,-1.6935377 53.803278,-1.6934903 53.8032763,-1.6934571 53.8032623,-1.6929094 53.8027496)",residential,Calverley Moor Avenue,,,,,,,,,,,,,,,,,,,,,,,,,
"LINESTRING (-1.6973324 53.8033365,-1.6957829 53.8036543)",path,,yes,,,,,,,designated,designated,,,,yes,,,,,,,,,,,,
"LINESTRING (-1.695719 53.8034954,-1.6967827 53.8032754,-1.6971217 53.8032074)",trunk,Bradford Road,yes,3,40 mph,,A647,,,,,,,,,,,,,,,,,,,,
"LINESTRING (-1.6989718 53.8029372,-1.6972963 53.8032888,-1.695186 53.8037408)",trunk,Bradford Road,yes,3,40 mph,,A647,,asphalt,no,yes,yes,,,,,,,,,,,,,,,
"LINESTRING (-1.6929094 53.8027496,-1.6924852 53.8023032,-1.6939076 53.8020081)",residential,Moorland Drive,,,,,,,,,,,,,,,,,,,,,,,,,
"LINESTRING (-1.69168 53.8029974,-1.6929094 53.8027496,-1.6944024 53.8024414,-1.6956543 53.802183,-1.6957598 53.8021737,-1.6958939 53.8021785,-1.6960012 53.8021983,-1.6960843 53.8022269,-1.6961715 53.8022719,-1.6962411 53.8023308,-1.6964566 53.802707,-1.6967452 53.80321,-1.6967827 53.8032754)",residential,Moorland Road,,,,,,,,,,,,,,,,,,,,,,,,,
"LINESTRING (-1.6944024 53.8024414,-1.6939076 53.8020081,-1.6938612 53.8019621,-1.6931537 53.8013433)",residential,Moorland Grove,,,,,,,,,,,,,,,,,,,,,,,,,
"LINESTRING (-1.6960843 53.8022269,-1.6964908 53.8018358)",residential,Moorland Crescent,,,,,,,,,,,,,,,,,,,,,,,,,
"LINESTRING (-1.6971217 53.8032074,-1.69721 53.8031903,-1.6977891 53.8030703,-1.6984701 53.802925,-1.699712 53.8026642)",trunk,Bradford Road,yes,3,40 mph,,A647,,,,,,,,,,,,,,,,,,,,
"LINESTRING (-1.6970845 53.8031411,-1.697306 53.8030947,-1.6984277 53.8028506,-1.6996992 53.8025911)",path,,yes,,,,,,,designated,designated,,,,yes,,,,,,,,,,,,
"LINESTRING (-1.7011656 53.8025573,-1.7010195 53.8025739,-1.7005353 53.8026702,-1.6988536 53.8030218,-1.6973324 53.8033365)",path,,yes,,,,,,,designated,designated,,,,yes,,,,,,,,,,,,
"LINESTRING (-1.7014026 53.8031424,-1.7006587 53.8033497)",service,,,,,,,,,,,,,,,,,,,,,,,,,,
"LINESTRING (-1.7011355 53.8024831,-1.7011656 53.8025573,-1.7013835 53.8030951,-1.7014026 53.8031424,-1.7021587 53.8050184,-1.7024201 53.8057362)",residential,Sunnybank Lane,,,,,,,,,,,,,,,,,,,,,,,,,
"LINESTRING (-1.7013835 53.8030951,-1.7034568 53.8037262)",residential,Sunnybank Avenue,,,,,,,,,,,,,,,,,,,,,,,,,
"LINESTRING (-1.6966183 53.800191,-1.6976123 53.8018123,-1.6976596 53.8018913,-1.6977316 53.8019653,-1.6978872 53.8020706,-1.6980066 53.8021859,-1.6981148 53.8023237,-1.6982205 53.8024875,-1.6982923 53.8026183,-1.6984277 53.8028506,-1.6984701 53.802925)",residential,Peckover Drive,,,20 mph,,,,asphalt,,,,sign,,,,,,,,,,,,,,
"LINESTRING (-1.699712 53.8026642,-1.6996992 53.8025911)",residential,Daleside Road,,,,,,,,,,,,,,,,,,,,,,,,,
"LINESTRING (-1.7011656 53.8025573,-1.7012501 53.8025454,-1.7013279 53.8024836)",cycleway,,,,,,,,,,,,,,,,,,,,,,,,,,
"LINESTRING (-1.7043356 53.8018412,-1.7037406 53.8019421,-1.7022564 53.8022515,-1.7018301 53.8023399,-1.7015945 53.8023862,-1.7013968 53.8024262,-1.7011355 53.8024831,-1.6989718 53.8029372)",trunk,Bradford Road,yes,2,40 mph,,A647,,,,,,,,,,,,,,,,,,,,
"LINESTRING (-1.7018301 53.8023399,-1.7018057 53.8023968,-1.7017867 53.8024409,-1.7017867 53.8025074,-1.7018556 53.802561)",tertiary,Gain Lane,,,30 mph,,,,,,,,,,,,,,,,,,,,,,
"LINESTRING (-1.6996992 53.8025911,-1.7000378 53.8025295,-1.7012106 53.8022864,-1.7016484 53.8022013,-1.7029788 53.801932,-1.7031843 53.8018865,-1.7033332 53.8018388,-1.7034374 53.8017877,-1.7034867 53.8017529,-1.7035553 53.8017044)",path,,yes,,,,,,,designated,designated,,,,yes,,,,,,,,,,,,
"LINESTRING (-1.7036197 53.802032,-1.7034026 53.802073,-1.702319 53.8022884,-1.7018057 53.8023968,-1.701481 53.8024529,-1.7013279 53.8024836)",cycleway,,yes,,,,,,,,,,,,,,,,,,,,,,,,
"LINESTRING (-1.699712 53.8026642,-1.7012421 53.8023424,-1.7016527 53.8022561,-1.7020541 53.8021761,-1.7026367 53.8020689,-1.70304 53.80199,-1.7034018 53.801898,-1.7035668 53.8017898,-1.7036025 53.8017664,-1.7036687 53.8016959,-1.7037509 53.8015364)",trunk,Bradford Road,yes,3,40 mph,,A647,,,,,,,,,,,,,,,,,,,,
"LINESTRING (-1.7012421 53.8023424,-1.7012106 53.8022864,-1.7009983 53.8019086,-1.7007604 53.8015489,-1.7007541 53.8015021,-1.7008365 53.8014646,-1.7016802 53.8012323,-1.7019467 53.8011668,-1.7020838 53.8011528,-1.7022226 53.8011387,-1.7034501 53.8011256,-1.7038586 53.8011361,-1.7040037 53.8011398)",residential,Grange Avenue,,,,,,,,,,,,,,,,,,,,,,,,,
"LINESTRING (-1.7034568 53.8037262,-1.7031311 53.8044901)",residential,Sunnybank Grove,,,,,,,,,,,,,,,,,,,,,,,,,
"LINESTRING (-1.7044417 53.8026138,-1.7039272 53.803179)",residential,Woodhall View,,,,,,,,,,,,,,,,,,,,,,,,,
"LINESTRING (-1.7051636 53.8031432,-1.704879 53.8034688)",residential,Knightsway Court,,,,,,,,,,,,,,,,,,,,,,,,,
"LINESTRING (-1.7061536 53.8025517,-1.7055087 53.8036616)",service,,,,,,,,,,,,,,,,,,,,,,,,,,
"LINESTRING (-1.7069051 53.8033959,-1.7073417 53.8034847,-1.7081448 53.8036755,-1.7083798 53.803711,-1.7085437 53.8037191,-1.7087295 53.8037094,-1.7089351 53.8036742,-1.7091364 53.8036313,-1.709735 53.8034883)",residential,Boyd Avenue,,,,,,,,,,,,,,,,,,,,,,,,,
"LINESTRING (-1.7065837 53.8025047,-1.7069654 53.8025815,-1.7073336 53.802656,-1.7076746 53.8027308,-1.7077401 53.8027649,-1.7077454 53.8028113,-1.7073417 53.8034847)",service,,,,,,,,,,,,,,,,,,,,,,,,,,
"LINESTRING (-1.7044601 53.8018138,-1.7046337 53.8021105,-1.7047612 53.8023469,-1.7048669 53.8025679,-1.7049792 53.8027866)",service,,,,,,,,,,,,,,,,,,,,,,,,,,
"LINESTRING (-1.7080399 53.8014378,-1.7075697 53.8015372,-1.7071131 53.801613,-1.7046337 53.8021105,-1.7026415 53.8025022,-1.7027491 53.802689)",service,,,,,,,,,,,,,,,,,,,,,,,,,,
"LINESTRING (-1.7049792 53.8027866,-1.7061536 53.8025517,-1.7066075 53.8024635)",residential,Woodhall Place,,,,,,,,,,,,,,,,,,,,,,,,,
"LINESTRING (-1.706765 53.802202,-1.7048669 53.8025679)",service,,,,,,,,,,,,,,,,,,,,,,,,,,
"LINESTRING (-1.7047612 53.8023469,-1.7069409 53.8019127)",residential,Woodhall Terrace,,,,,,,,,,,,,,,,,,,,,,,,,
"LINESTRING (-1.7072915 53.8012763,-1.7071131 53.801613,-1.7069409 53.8019127,-1.706765 53.802202,-1.7066075 53.8024635,-1.7065837 53.8025047,-1.7058532 53.8037704)",residential,Woodhall Avenue,,,,,,,,,,,,,,,,,,,,,,,,,
"LINESTRING (-1.7062115 53.8038843,-1.7069654 53.8025815,-1.7075697 53.8015372)",service,,,,,,,,,,,,,,,,,,,,,,,,,,
"LINESTRING (-1.7080566 53.8011233,-1.7081232 53.8012811,-1.7080399 53.8014378,-1.7079399 53.8016259,-1.7074203 53.8025063,-1.7073336 53.802656,-1.7069051 53.8033959,-1.7065584 53.8039946)",residential,Woodhall Road,,,,,,,,,,,,,,,,,,,,,,,,,
"LINESTRING (-1.7086995 53.8028748,-1.7079289 53.8026936,-1.7078161 53.8025946,-1.7074203 53.8025063)",service,,,,,,,,,,,,,,,,,,,,,,,,,,
"LINESTRING (-1.679347 53.8060389,-1.6793573 53.8059726,-1.6794668 53.8052647,-1.6794847 53.8052104)",residential,Carlisle Street,,,,,,,,,,,,,,,,,,,,,,,,,
"LINESTRING (-1.6798105 53.8051659,-1.6796969 53.8058575,-1.6796717 53.8060105,-1.6796615 53.8060728)",residential,Ruskin Street,,,,,,,,,,,,,,,,,,,,,,,,,
"LINESTRING (-1.6710239 53.8051497,-1.6711894 53.8051043,-1.6716654 53.8051585,-1.6723581 53.8052346,-1.6732211 53.8053173,-1.6738731 53.8053913,-1.6740321 53.8054091,-1.6744146 53.8054504,-1.6748068 53.8054811,-1.6750396 53.8055121,-1.6753706 53.8055546,-1.6761408 53.8056402,-1.6764195 53.8056686,-1.6769848 53.8057335,-1.6772524 53.8057592,-1.6783904 53.8058569,-1.6788993 53.8059192,-1.6793573 53.8059726,-1.6796717 53.8060105,-1.680655 53.806114,-1.6816374 53.8062167,-1.6818645 53.8062119,-1.6828836 53.8060363,-1.6831855 53.8059477)",cycleway,,yes,,,,,,,,,,,,,,,,,,,,,,,,
"LINESTRING (-1.6834134 53.8061473,-1.6831345 53.8061378,-1.6828354 53.8061739,-1.6825109 53.8062483,-1.6823055 53.8062809,-1.6819141 53.8063215,-1.6814876 53.8063263,-1.6807318 53.806253,-1.6802954 53.8061992,-1.6792127 53.8060895,-1.6787367 53.8060282,-1.6781259 53.8059616,-1.6777465 53.8059222,-1.6768903 53.8058258,-1.676626 53.8057985,-1.6761903 53.8057577,-1.6761285 53.8057511,-1.6752954 53.8056622,-1.6748076 53.8056076,-1.6744924 53.8055723,-1.6732654 53.8054485,-1.6726632 53.8053823,-1.6725421 53.805369,-1.6716788 53.8052777,-1.6712619 53.8052299,-1.6711308 53.8052142,-1.6710884 53.8051886,-1.6710239 53.8051497)",cycleway,,yes,,,,,,,,,,,,,,,,,,,,,,,,
"LINESTRING (-1.6808136 53.8052162,-1.6807022 53.8059129,-1.680655 53.806114,-1.6806409 53.806174)",residential,Woodlands Terrace,,,,,,,,,,,,,,,,,,,,,,,,,
"LINESTRING (-1.6713818 53.8013527,-1.6725117 53.8014391,-1.6744641 53.8016631,-1.6751242 53.8017537,-1.6761193 53.8019351,-1.6773306 53.8021822,-1.678523 53.8024935,-1.6797449 53.8029433,-1.6807102 53.8034053,-1.6807514 53.803425,-1.6816342 53.8039685,-1.6822365 53.8044116,-1.6825846 53.8047103,-1.682723 53.8048331)",trunk,Stanningley Bypass,yes,2,70 mph,,A647,,,,,,,,,,,,,,,,,,,,
"LINESTRING (-1.6791693 53.8054063,-1.6784753 53.8053659,-1.6777402 53.8053208,-1.6776501 53.805224,-1.6776938 53.8049496)",service,,,,,,,,,,,,,,,,,,,,,,,,,,
"LINESTRING (-1.6804208 53.8051965,-1.680314 53.8058705)",service,Back Woodlands Terrace,,,,,,,,,,,,,,,,,,,,,,,,,
"LINESTRING (-1.6794847 53.8052104,-1.6795678 53.8051666,-1.6797548 53.8051631,-1.6798105 53.8051659,-1.6804208 53.8051965,-1.6808136 53.8052162,-1.6812597 53.8052387,-1.6817439 53.805263,-1.6821146 53.805252)",residential,Woodlands Road,,,,,,,,,,,,,,,,,,,,,,,,,
"LINESTRING (-1.6813026 53.8044065,-1.6811122 53.8042261,-1.6810483 53.8041911,-1.6809068 53.8041137,-1.6807165 53.8040249,-1.6805762 53.8039687,-1.6803357 53.8039865,-1.6791525 53.8041657,-1.6793409 53.8046272,-1.6807996 53.8044497,-1.6807395 53.8043148,-1.6809599 53.8042651,-1.6811122 53.8042261)",service,,,,,,,,,,,,,,,,,,,,,,,,,,
"LINESTRING (-1.680314 53.8058705,-1.6807022 53.8059129,-1.6811572 53.8059588,-1.6816612 53.8060076)",service,,,,,,,,,,,,,,,,,,,,,,,,,,
"LINESTRING (-1.6811572 53.8059588,-1.6812597 53.8052387)",service,Back Woodlands Avenue,,,,,,,,,,,,,,,,,,,,,,,,,
"LINESTRING (-1.6827003 53.8058549,-1.6816574 53.8060378)",service,,,,,,,,,,,,,,,,,,,,,,,,,,
"LINESTRING (-1.6816309 53.8062749,-1.6816374 53.8062167,-1.6816574 53.8060378,-1.6816612 53.8060076,-1.6816907 53.8057764,-1.681716 53.8055323,-1.6817439 53.805263)",residential,Woodlands Avenue,,,,,,,,,,,,,,,,,,,,,,,,,
"LINESTRING (-1.6825037 53.805641,-1.6816907 53.8057764)",residential,Woodlands Grove,,,,,,,,,,,,,,,,,,,,,,,,,
"LINESTRING (-1.6828708 53.806116,-1.6826987 53.8061391,-1.6824174 53.8061889,-1.6821705 53.806223)",secondary,Bradford Road,,,30 mph,,B6157,,asphalt,,,,,,,2,1,,,,,,,,,"left;through|through;right",
"LINESTRING (-1.682293 53.8054303,-1.681716 53.8055323)",service,Back Woodlands Grove,,,,,,,,,,,,,,,,,,,,,,,,,
"LINESTRING (-1.6817679 53.8049002,-1.6818435 53.804981)",unclassified,Owlcotes Lane,yes,,,,,,,,,,,,,,,,,,,,,,,,
"LINESTRING (-1.6815679 53.8046796,-1.6808958 53.8047612,-1.6808618 53.8049111)",service,,,,,,,,,,,,,,,,,,,,,,,,,,
"LINESTRING (-1.6813026 53.8044065,-1.6815254 53.8046343)",unclassified,Owlcotes Lane,,1,,,,,,,,,,,,,,,,,,,,,,,
"LINESTRING (-1.6813026 53.8044065,-1.6811723 53.8044355,-1.6810601 53.8044048,-1.6809599 53.8042651)",service,,,,,,,,,,,,,,,,,,,,,,,,,,
"LINESTRING (-1.6815254 53.8046343,-1.6815679 53.8046796,-1.6817679 53.8049002)",unclassified,Owlcotes Lane,,,,,,,,,,,,,,,,,,,,,,,,,
"LINESTRING (-1.6818435 53.804981,-1.6821146 53.805252,-1.682293 53.8054303,-1.6823695 53.8055069,-1.6825037 53.805641,-1.6827003 53.8058549,-1.6828371 53.8060026,-1.6828836 53.8060363,-1.682948 53.8060653,-1.6830292 53.8060705)",unclassified,Owlcotes Lane,yes,,,,,,,,,,,,,,,,,,,,,,,,
"LINESTRING (-1.6826508 53.8054189,-1.6823695 53.8055069)",service,,,,,,,,,,,,,,,,,,,,,,,,,,
"LINESTRING (-1.6830057 53.8056943,-1.6826999 53.8054436,-1.6826508 53.8054189,-1.6825218 53.8053542,-1.6822694 53.8051788)",service,,,,,,,,,,,,,,,,,,,,,,,,,,
"LINESTRING (-1.6829091 53.805199,-1.68233 53.8049743,-1.681966 53.8048556,-1.6817679 53.8049002)",unclassified,,yes,,,,,,,,,,,,,,,,,,,,,,,,
"LINESTRING (-1.6953524 53.8016989,-1.6952734 53.8017005,-1.6945303 53.8017155,-1.6942798 53.8018054)",service,,,,,,,,,,,,,private,,,,,,,,,,,,,
"LINESTRING (-1.7009983 53.8019086,-1.7014075 53.801828)",residential,Grange View,,,,,,,,,,,,,,,,,,,,,,,,,
"LINESTRING (-1.7034867 53.8017529,-1.7035668 53.8017898,-1.7036428 53.8018248,-1.7037469 53.8018467)",cycleway,,,,,,,,,,,,,,,,,,traffic_signals,toucan,crossing,,,,,,
"LINESTRING (-1.7036197 53.802032,-1.7037124 53.8020131,-1.7037406 53.8019421,-1.7037558 53.8019024,-1.7037469 53.8018467)",cycleway,,,,,,,,,,,,,,,,,,traffic_signals,toucan,crossing,,,,,,
"LINESTRING (-1.7037469 53.8018467,-1.7038385 53.8017667,-1.7038892 53.8017467,-1.7039504 53.8017243)",cycleway,,,,,,,,,,,,,,,,,,traffic_signals,toucan,crossing,,,,,,
"LINESTRING (-1.7043356 53.8018412,-1.7040827 53.8018294,-1.7039624 53.8017926,-1.7038892 53.8017467,-1.7038234 53.8016777,-1.7037509 53.8015364)",trunk,Leeds Road,yes,1,30 mph,,A647,,,,,,,,,,,,,,,,,,,,
"LINESTRING (-1.704856 53.8017398,-1.7044601 53.8018138,-1.7043356 53.8018412)",trunk,Leeds Road,yes,3,30 mph,,A647,through|through|right,,,,,,,,,,,,,,,,,,,
"LINESTRING (-1.7069191 53.8010902,-1.7067375 53.8012644,-1.706647 53.8013421,-1.7064179 53.8014455,-1.7058683 53.8015505,-1.704856 53.8017398)",trunk,Leeds Road,yes,2,30 mph,,A647,,,,,,,,,,,,,,,,,,,,
"LINESTRING (-1.7013279 53.8024836,-1.7017008 53.8025755,-1.7024974 53.802802,-1.7035756 53.8031204,-1.7041469 53.8033057,-1.7049999 53.8035702,-1.7064027 53.8039963,-1.7065762 53.80405,-1.7075936 53.8043115,-1.7090044 53.8045776,-1.7109128 53.804902,-1.7116594 53.8050159,-1.7121024 53.8050972,-1.7132772 53.8052983,-1.715439 53.8056499,-1.7180461 53.8060681,-1.7180764 53.8060301,-1.7181212 53.8059667,-1.7190241 53.806119,-1.7190675 53.8061177,-1.7191136 53.8061121,-1.7191622 53.8061139,-1.7192403 53.806121)",cycleway,,,,,,,,asphalt,yes,,no,,,yes,,,,,,,,,,yes,,
"LINESTRING (-1.708741 53.8044827,-1.7091482 53.8040498,-1.7091966 53.8039606,-1.7092137 53.803853,-1.709171 53.8037016,-1.7091364 53.8036313,-1.7089915 53.8034544,-1.7088947 53.8033602,-1.7087551 53.8032811,-1.7085501 53.8032021,-1.7083194 53.8031482,-1.7081115 53.8030995)",residential,Gwynne Avenue,,,,,,,,,,,,,,,,,,,,,,,,,
"LINESTRING (-1.7082061 53.8016767,-1.7086041 53.8017717,-1.7087602 53.8018445,-1.7088352 53.8018866)",service,,,,,parking_aisle,,,,,,,,,,,,,,,,,,,,,
"LINESTRING (-1.7079399 53.8016259,-1.7082061 53.8016767,-1.7079862 53.8020063,-1.7086554 53.8021636,-1.7089782 53.8022363,-1.7090937 53.8022475,-1.7091428 53.8021852,-1.7091765 53.802119,-1.7088352 53.8018866,-1.7089652 53.8018395,-1.7090655 53.8017957,-1.7093171 53.801955,-1.7093342 53.8019658,-1.7097559 53.8022448,-1.7098604 53.8022831,-1.7097565 53.8020793,-1.7093508 53.8012832,-1.7090951 53.8013335,-1.7090268 53.8012864,-1.708995 53.8012301,-1.7088467 53.8009653)",service,,,,,,,,,,,,,,,,,,,,,,,,,,
"LINESTRING (-1.7090655 53.8017957,-1.7087174 53.8015577,-1.7085639 53.8012664,-1.7087577 53.8012456,-1.7088558 53.8012619,-1.708995 53.8012301)",service,,yes,,,parking_aisle,,,,,,,,,,,,,,,,,,,,,
"LINESTRING (-1.7090655 53.8017957,-1.7088432 53.8013496,-1.7088457 53.8013006,-1.7088558 53.8012619)",service,,yes,,,parking_aisle,,,,,,,,,,,,,,,,,,,,,
"LINESTRING (-1.7090951 53.8013335,-1.7093994 53.8018757,-1.7094094 53.8019174,-1.7093843 53.8019396,-1.7093171 53.801955)",service,,,,,parking_aisle,,,,,,,,,,,,,,,,,,,,,
"LINESTRING (-1.7113075 53.8021742,-1.7105028 53.8023275)",service,,,,,parking_aisle,,,,,,,,,,,,,,,,,,,,,
"LINESTRING (-1.7111372 53.8018535,-1.7106343 53.8019452,-1.7101379 53.8020358)",service,,,,,,,,,,,,,,,,,,,,,,,,,,
"LINESTRING (-1.7118738 53.8012095,-1.7118407 53.8012409,-1.7117567 53.8012671,-1.7115183 53.8012788,-1.7109064 53.8013881,-1.7104101 53.8014864,-1.7100055 53.8015666,-1.7099236 53.8016499,-1.7101379 53.8020358,-1.7102648 53.8022644,-1.7102642 53.8023316,-1.710203 53.8023936,-1.7098765 53.8025195,-1.7095797 53.8026103,-1.709442 53.8027027)",service,,,,,,,,concrete,,,,,,,,,,,,,,,,,,
"LINESTRING (-1.7106343 53.8019452,-1.7104101 53.8014864)",service,,,,,,,,,,,,,,,,,,,,,,,,,,
"LINESTRING (-1.7100642 53.8007219,-1.7091976 53.8008952,-1.7088467 53.8009653,-1.7084269 53.8010493,-1.7080566 53.8011233,-1.7072915 53.8012763)",secondary,Leeds Old Road,,2,30 mph,,B6381,,,,,,,,,,,,,,,,,,,,
"LINESTRING (-1.7109863 53.8015694,-1.7111372 53.8018535,-1.7113075 53.8021742,-1.7113385 53.8022739,-1.7114416 53.8026051,-1.7114915 53.802707,-1.7116397 53.8029919)",service,,,,,,,,,,,,,,,,,,,,,,,,,,
"LINESTRING (-1.7111372 53.8018535,-1.712005 53.8016925,-1.7123461 53.8020827,-1.7123865 53.8021288,-1.712539 53.8022972,-1.712515 53.8025295,-1.7114915 53.802707)",service,,,,,,,,,,,,,,,,,,,,,,,,,,
"LINESTRING (-1.6955366 53.8002834,-1.6947635 53.7993419)",residential,Chatsworth Rise,,,,,,,asphalt,,,,,,,,,,,,,,,,,,
"LINESTRING (-1.6953182 53.7980287,-1.6958913 53.7990026,-1.6962826 53.799641)",residential,Peckover Drive,,,,,,,asphalt,,,,,,,,,,,,,,,,,,
"LINESTRING (-1.6966183 53.800191,-1.6964405 53.8000457,-1.6963626 53.7999554,-1.6963212 53.7998582,-1.6963008 53.7997612,-1.6962826 53.799641)",residential,Peckover Drive,yes,,20 mph,,,,asphalt,,,,sign,,,,,,,,,,,,yes,,
"LINESTRING (-1.6962826 53.799641,-1.6964533 53.79979,-1.6965368 53.7998785,-1.6965842 53.7999748,-1.6966164 53.8001036,-1.6966183 53.800191)",residential,Peckover Drive,yes,,20 mph,,,,asphalt,,,,sign,,,,,,,,,,,,yes,,
"LINESTRING (-1.6996992 53.8025911,-1.6995936 53.8019732,-1.6993495 53.8014903,-1.6992139 53.801218,-1.6986867 53.8003098,-1.6985472 53.8000853,-1.6975386 53.798427,-1.697376 53.7981757,-1.6970481 53.7976423,-1.6965745 53.7969079,-1.6962517 53.7964522,-1.6962277 53.7964219,-1.6961989 53.796387,-1.696164 53.7963464)",residential,Daleside Road,,,,,,,,,,,,,,,,,,,,,,,,,
"LINESTRING (-1.6985472 53.8000853,-1.6979573 53.8002081,-1.6978903 53.800216,-1.6978232 53.8002137,-1.6977642 53.8001962,-1.6977146 53.8001638,-1.6976822 53.8001262,-1.6968246 53.7986949,-1.6968208 53.7986647,-1.6968322 53.7986255,-1.6968587 53.7985885,-1.6969137 53.798556,-1.6975386 53.798427)",residential,Daleside Avenue,,,,,,,,,,,,,,,,,,,,,,,,,
"LINESTRING (-1.7003316 53.8000883,-1.70065 53.7992491)",service,,,2,,parking_aisle,,,,,,,,,,,,,,,,,,,,,
"LINESTRING (-1.7005971 53.8000268,-1.7008732 53.7993199)",service,,,2,,parking_aisle,,,,,,,,,,,,,,,,,,,,,
"LINESTRING (-1.70076 53.8002043,-1.7009432 53.7998045)",service,,,2,,parking_aisle,,,,,,,,,,,,,,,,,,,,,
"LINESTRING (-1.701527 53.7991285,-1.7014253 53.7992894)",service,,,,,parking_aisle,,,,,,,,,,,,,,,,,,,,,
"LINESTRING (-1.7011554 53.799187,-1.701235 53.7990872,-1.7012669 53.7990678)",living_street,,,,,,,,,,,,,,,,,,,,,,,,,,
"LINESTRING (-1.7017278 53.7984171,-1.7014769 53.7987734,-1.7014362 53.7987896,-1.7013964 53.7988042,-1.7013778 53.7988272,-1.7012858 53.7989579,-1.7012359 53.7989477)",path,,,,,,,,,,,,,,,,,,,,,,,,,,
"LINESTRING (-1.7038356 53.7999879,-1.703693 53.8001024,-1.703664 53.8001257,-1.7034813 53.8004012,-1.7034079 53.8005006,-1.7032067 53.800785,-1.7028887 53.8007893,-1.7026445 53.8007926,-1.702413 53.8007957,-1.7023772 53.8007924,-1.7021705 53.8007733,-1.7021305 53.8007631,-1.7019012 53.8007045,-1.7017193 53.800658,-1.7016812 53.8006484,-1.7014601 53.8005929,-1.7012583 53.8005423,-1.7012284 53.8005303,-1.7010523 53.8004597,-1.7010274 53.800444,-1.7009205 53.8003765,-1.7008613 53.8003102,-1.70076 53.8002043,-1.7007293 53.8001714,-1.7006612 53.8000548,-1.7005971 53.8000268,-1.7004044 53.8000724,-1.7003316 53.8000883,-1.7002693 53.8001018,-1.7001317 53.8001191,-1.7000787 53.8000969,-1.7003517 53.7993082,-1.7004202 53.7992388,-1.7005773 53.799226,-1.70065 53.7992491,-1.7008732 53.7993199,-1.7010585 53.7993787,-1.7010875 53.7994247,-1.7010677 53.7994988,-1.7009573 53.7997547,-1.7009432 53.7998045,-1.7011067 53.7998428,-1.701159 53.7998532,-1.7013925 53.7998994,-1.701618 53.799944,-1.7016382 53.799948,-1.7017623 53.7999836,-1.7018334 53.8000255,-1.7018827 53.8000546,-1.701988 53.8001768,-1.7020745 53.8002435,-1.7021821 53.8002664,-1.7024049 53.800314,-1.7026296 53.8003619,-1.702865 53.8004122,-1.7030992 53.8004621,-1.7031521 53.8004734,-1.7034079 53.8005006)",service,,,2,,parking_aisle,,,,,,,,,,,,,,,,,,,,,
"LINESTRING (-1.7033729 53.7995879,-1.7032522 53.7995586,-1.7024346 53.7993602,-1.7021362 53.7992878)",service,,,,,parking_aisle,,,,,,,,,,,,,,,,,,,,,
"LINESTRING (-1.7018135 53.7991753,-1.7015403 53.799108)",service,,,,,parking_aisle,,,,,,,,,,,,,,,,,,,,,
"LINESTRING (-1.7018813 53.7985556,-1.701742 53.7987559,-1.7017402 53.7987851,-1.701581 53.7990025,-1.7015854 53.7990381,-1.7015403 53.799108,-1.701527 53.7991285,-1.7012669 53.7990678,-1.7012297 53.7990323,-1.7012173 53.7989874,-1.7012359 53.7989477)",living_street,,,,,,,,,,,,,,,,,,,,,,,,,,
"LINESTRING (-1.7020231 53.79945,-1.7021362 53.7992878,-1.7022296 53.7991539,-1.7023197 53.7990248,-1.7024088 53.798897,-1.702707 53.7989696,-1.7026176 53.7990978,-1.7025275 53.799227,-1.7024346 53.7993602)",service,,,,,parking_aisle,,,,,,,,,,,,,,,,,,,,,
"LINESTRING (-1.7025275 53.799227,-1.7022296 53.7991539)",service,,,,,parking_aisle,,,,,,,,,,,,,,,,,,,,,
"LINESTRING (-1.7026176 53.7990978,-1.7023197 53.7990248)",service,,,,,parking_aisle,,,,,,,,,,,,,,,,,,,,,
"LINESTRING (-1.7031867 53.798762,-1.7029814 53.7987138,-1.7025682 53.7986167,-1.702486 53.7987387,-1.7031046 53.798884,-1.7031867 53.798762)",service,,,,,parking_aisle,,,,,,,,,,,,,,,,,,,,,
"LINESTRING (-1.7010979 53.7984961,-1.7012244 53.7983002,-1.7017278 53.7984171,-1.7018598 53.7984477)",living_street,,,,,,,,,,,,,,,,,,,,,,,,,,
"LINESTRING (-1.7023073 53.7986563,-1.7018813 53.7985556)",service,,,,,parking_aisle,,,,,,,,,,,,,,,,,,,,,
"LINESTRING (-1.7018813 53.7985556,-1.7019353 53.7984789,-1.7018598 53.7984477,-1.7020765 53.7981617,-1.7022649 53.7979074,-1.7023086 53.7978483)",residential,Carrick Drive,,,,,,,,,,,,,,,,,,,,,,,,,
"LINESTRING (-1.7004202 53.7992388,-1.7003465 53.799175,-1.7003951 53.7990825,-1.7004681 53.7989299,-1.7005187 53.7987672,-1.7006086 53.7986909,-1.7006817 53.7985449,-1.7007322 53.7983491,-1.7007716 53.7982761,-1.7010694 53.7980139,-1.7012211 53.7978745,-1.7013841 53.7976388,-1.7014908 53.7974497,-1.7015751 53.7972406,-1.7016594 53.7970746,-1.7018055 53.796912,-1.7019853 53.7967062,-1.7021707 53.7965868,-1.7024461 53.7964706,-1.7027351 53.7963677,-1.7028563 53.7963246,-1.7032103 53.7962183)",track,,,,,,,,,,,,,,,,,,,,,,,,,,
"LINESTRING (-1.7022649 53.7979074,-1.7018056 53.7978077,-1.7017153 53.7978101,-1.7015881 53.7977762,-1.7015634 53.7977349,-1.7016537 53.7975895,-1.7017605 53.7975749,-1.7018918 53.7975992,-1.701937 53.7976307,-1.7023826 53.7977413)",living_street,Hutton Close,,,,,,,,,,,,,,,,,,,,,,,,,
"LINESTRING (-1.7030207 53.7968185,-1.7029894 53.7968638,-1.7027463 53.7972152,-1.7026115 53.7974102,-1.7023826 53.7977413,-1.7023086 53.7978483)",residential,Leng Drive,,,,,,,,,,,,,,,,,,,,,,,,,
"LINESTRING (-1.7037836 53.7998993,-1.7036581 53.7998796,-1.7035462 53.7998762,-1.7034362 53.7998617,-1.7023608 53.7996052,-1.7023179 53.7996054,-1.702285 53.7996186,-1.7021332 53.7998348)",service,,,,,,,,,,,,,,,,,,,,,,,,,,
"LINESTRING (-1.7034361 53.799297,-1.7032522 53.7995586)",service,,,,,parking_aisle,,,,,,,,,,,,,,,,,,,,,
"LINESTRING (-1.7039221 53.7998676,-1.7039551 53.7998793,-1.7039793 53.799897,-1.7039918 53.7999184,-1.7039912 53.7999411,-1.70398 53.7999596,-1.7039562 53.7999775,-1.7039236 53.7999894,-1.7038859 53.799994,-1.7038356 53.7999879,-1.7038041 53.7999749,-1.7037821 53.7999562,-1.7037722 53.7999343,-1.7037726 53.799921,-1.7037836 53.7998993,-1.7038066 53.7998811,-1.7038388 53.7998686,-1.7038762 53.7998634,-1.7039026 53.7998658,-1.7039221 53.7998676)",service,,,1,,,,,,,,,,,,,,roundabout,,,,,,,,,
"LINESTRING (-1.7041295 53.7994573,-1.7038305 53.7993883)",service,,,,,parking_aisle,,,,,,,,,,,,,,,,,,,,,
"LINESTRING (-1.7043023 53.7991958,-1.7042119 53.7993326,-1.7041295 53.7994573,-1.7040271 53.7996122,-1.7038542 53.7995724)",service,,,,,parking_aisle,,,,,,,,,,,,,,,,,,,,,
"LINESTRING (-1.7036142 53.7993378,-1.7034361 53.799297)",service,,,,,,,,,,,,,,,,,,,,,,,,,,
"LINESTRING (-1.7032384 53.7989385,-1.7031379 53.7990898,-1.703136 53.7991895,-1.7032233 53.7992488,-1.7034361 53.799297)",service,,,,,parking_aisle,,,,,,,,,,,,,,,,,,,,,
"LINESTRING (-1.7035286 53.7987594,-1.7033878 53.7987942,-1.7033073 53.7987942,-1.7031867 53.798762)",service,,,,,,,,,,,,,,,,,,,,,,,,,,
"LINESTRING (-1.7035603 53.7982456,-1.7034512 53.7983862,-1.7034136 53.798484,-1.7034211 53.7985751,-1.7034625 53.7986684,-1.7035286 53.7987594,-1.7036468 53.7989016,-1.703707 53.7990038,-1.7037108 53.7991194,-1.7036714 53.799208,-1.7036142 53.7993378,-1.7036017 53.799366,-1.703613 53.7994748,-1.7036694 53.7995859,-1.7037785 53.7996659,-1.7038796 53.7997355,-1.7039026 53.7997862,-1.7039021 53.7998281,-1.7039026 53.7998658)",service,,,2,,,,,,,,,,,,,,,,,,,,,,,
"LINESTRING (-1.7036714 53.799208,-1.7042119 53.7993326)",service,,,,,parking_aisle,,,,,,,,,,,,,,,,,,,,,
"LINESTRING (-1.703707 53.7990038,-1.7040706 53.7989137)",service,,,,,,,,,,,,,,,,,,,,,,,,,,
"LINESTRING (-1.7042514 53.7987768,-1.70416 53.7987595,-1.7040778 53.798744)",service,,,,,parking_aisle,,,,,,,,,,,,,,,,,,,,,
"LINESTRING (-1.7039918 53.7999184,-1.7043334 53.8000044,-1.7044396 53.8000211,-1.7044565 53.8000207,-1.7045192 53.800019,-1.7045691 53.8000115,-1.7047068 53.7999908)",service,,yes,1,,,,,,,,,,,,,,,,,,,,,,,
"LINESTRING (-1.7044742 53.7999745,-1.7045288 53.7999721,-1.7045761 53.7999637,-1.7046258 53.7999479)",cycleway,,yes,,,,,,,,,,,,,,,,,,,,,,,,
"LINESTRING (-1.7047068 53.7999908,-1.704797 53.7999224,-1.7048659 53.7998683,-1.7049624 53.7998145,-1.7050931 53.7997668,-1.7052736 53.7997606,-1.7056055 53.7998128)",trunk,Gipsy Street,yes,2,30 mph,,A647,right|right,,,,,,,,,,,,,,,,,,,
"LINESTRING (-1.7047068 53.7999908,-1.704943 53.799629,-1.7050153 53.7995206,-1.7052144 53.7992219)",tertiary,Dick Lane,yes,1,30 mph,,,through,,,,,,,,,,,,,,,,,,,
"LINESTRING (-1.7052144 53.7992219,-1.7051825 53.7994053,-1.7051984 53.7994673,-1.7052138 53.799513,-1.7052374 53.7995827,-1.7053785 53.7996814,-1.7055144 53.7997547,-1.7056055 53.7998128)",tertiary,Gipsy Street,yes,2,30 mph,,,,,,,,,,,,,,,,,,,,,,
"LINESTRING (-1.703993 53.7991245,-1.7043023 53.7991958,-1.7048115 53.7993132)",service,,,,,parking_aisle,,,,,,,,,,,,,,,,,,,,,
"LINESTRING (-1.7048069 53.7987939,-1.7046533 53.7990393,-1.7040706 53.7989137,-1.70416 53.7987595)",service,,,,,parking_aisle,,,,,,,,,,,,,,,,,,,,,
"LINESTRING (-1.7042514 53.7987768,-1.7043898 53.7985674,-1.7046078 53.7986177,-1.7044701 53.7988256,-1.7042514 53.7987768)",service,,yes,,,parking_aisle,,,,,,,,,,,,,,,,,,,,,
"LINESTRING (-1.7052144 53.7992219,-1.705322 53.7990617,-1.705399 53.7989534)",tertiary,Dick Lane,,,30 mph,,,,,,,,,,,2,3,,,,,,,,,,left|through|through
"LINESTRING (-1.705399 53.7989534,-1.7054 53.7988024,-1.7053287 53.7986906,-1.7052554 53.7986376,-1.7051012 53.7985262)",service,,yes,1,,,,,,,,,,,,,,,,,,,,,,,
"LINESTRING (-1.705399 53.7989534,-1.7054913 53.7988136,-1.7055794 53.7986696,-1.7057457 53.7984466)",tertiary,Dick Lane,,,30 mph,,,,,,,,,,,2,2,,,,,,,,,,
"LINESTRING (-1.7032622 53.7982864,-1.7030558 53.7986006,-1.7029814 53.7987138)",service,,,,,parking_aisle,,,,,,,,,,,,,,,,,,,,,
"LINESTRING (-1.7037702 53.7981874,-1.7037368 53.7982173,-1.7037001 53.7982348,-1.7036292 53.7982491,-1.7035603 53.7982456,-1.7035092 53.798231,-1.7034662 53.7982056,-1.7034458 53.7981827,-1.7034354 53.7981367,-1.7034646 53.7980886,-1.7035137 53.79806,-1.7035816 53.7980444,-1.7036423 53.7980449,-1.7036885 53.7980542,-1.70375 53.7980848,-1.7037817 53.798128,-1.703782 53.7981639,-1.7037702 53.7981874)",unclassified,Mid Point,,,,,,,,,,,,,,,,roundabout,,,,,,,,,
"LINESTRING (-1.7036885 53.7980542,-1.7037637 53.7979273)",service,,,,,,,,,,,,,,,,,,,,,,,,,,
"LINESTRING (-1.7043385 53.7981208,-1.7041994 53.7980936,-1.7040285 53.798031,-1.7039273 53.7979692,-1.7037637 53.7979273)",service,,,,,,,,,,,,,,,,,,,,,,,,,,
"LINESTRING (-1.7034646 53.7980886,-1.7031997 53.7980506,-1.702787 53.7979592,-1.7027585 53.7979529,-1.7024189 53.7978723,-1.7023086 53.7978483)",unclassified,Chapman Road,,,,,,,,,,,,,,,,,,,,,,,,,
"LINESTRING (-1.7032533 53.7979951,-1.7033551 53.7978587,-1.7029472 53.79775,-1.702787 53.7979592)",service,,,,,parking_aisle,,,,,,,,,,,,,,,,,,,,,
"LINESTRING (-1.7029572 53.797488,-1.7028433 53.7976547)",service,,,,,parking_aisle,,,,,,,,,,,,,,,,,,,,,
"LINESTRING (-1.7028768 53.7974733,-1.7029572 53.797488,-1.7030496 53.7974852,-1.7031682 53.797498,-1.7034041 53.7975521)",living_street,,,,,,,,,,,,,,,,,,,,,,,,,,
"LINESTRING (-1.7037338 53.7971037,-1.7036321 53.797242,-1.7034041 53.7975521,-1.7033639 53.7976068)",living_street,,,,,,,,,,,,,,,,,,,,,,,,,,
"LINESTRING (-1.7048248 53.7984559,-1.7047411 53.7984346,-1.7037702 53.7981874)",service,Mid Point,,,,,,,,,,,,,,,,,,,,,,,,,
"LINESTRING (-1.7051012 53.7985262,-1.7048248 53.7984559)",unclassified,Mid Point,,,,,,,,,,,,,,2,1,,,,,,,,,"left;right|right",
"LINESTRING (-1.7055794 53.7986696,-1.7052899 53.7985828,-1.7051012 53.7985262)",service,Mid Point,,,,,,,,,,,,,,2,1,,,,,,,,,right|right,
"LINESTRING (-1.7051012 53.7985262,-1.7053471 53.7985322,-1.7054401 53.7985345,-1.7056039 53.7985131,-1.7057457 53.7984466)",service,,yes,1,,,,left,,,,,,,,,,,,,,,,,,,
"LINESTRING (-1.7047411 53.7984346,-1.7048461 53.7982675,-1.7049163 53.7982462,-1.7052729 53.7983302,-1.7053525 53.7983213,-1.7056598 53.7978642)",service,,,,,parking_aisle,,,,,,,,,,,,,,,,,,,,,
"LINESTRING (-1.7037637 53.7979273,-1.7041575 53.7973715,-1.7043149 53.7972204,-1.7044192 53.7971201,-1.704496 53.7971201,-1.7052112 53.7973633,-1.7052461 53.7974024,-1.7051589 53.7975055,-1.7050228 53.7976436,-1.7047856 53.7980207,-1.7046704 53.7981773,-1.7046041 53.7981814,-1.7043385 53.7981208)",service,,yes,,,,,,,,,,,,,,,,,,,,,,,,
"LINESTRING (-1.7041575 53.7973715,-1.7043149 53.7973996,-1.7050228 53.7976436)",service,,yes,,,,,,,,,,,,,,,,,,,,,,,,
"LINESTRING (-1.7043149 53.7972204,-1.7051589 53.7975055)",service,,yes,,,,,,,,,,,,,,,,,,,,,,,,
"LINESTRING (-1.7051589 53.7975055,-1.7058463 53.7977143,-1.705951 53.7975943)",service,,,,,parking_aisle,,,,,,,,,,,,,,,,,,,,,
"LINESTRING (-1.7067356 53.799848,-1.706269 53.8001131,-1.7061887 53.8001587)",residential,,,,,,,,,,,,,,,,,,,,,,,,,,
"LINESTRING (-1.7066486 53.799081,-1.7054913 53.7988136)",residential,,,2,,,,,,,,,,,,,,,,,,,,,,,
"LINESTRING (-1.7072973 53.7986177,-1.7066486 53.799081,-1.7056016 53.7997029,-1.7055144 53.7997547)",residential,Maple Avenue,,,,,,,,,,,,,,,,,,,,,,,,,
"LINESTRING (-1.707138 53.8006943,-1.7071835 53.8006657,-1.7077451 53.800313,-1.7077938 53.800154,-1.7078485 53.7995739,-1.7077627 53.7994662,-1.7066486 53.799081)",residential,Linden Avenue,,,,,,,,,,,,,,,,,,,,,,,,,
"LINESTRING (-1.7063679 53.7982812,-1.7059489 53.7981808)",residential,Barberry Avenue,,,,,,,,,,,,,,,,,,,,,,,,,
"LINESTRING (-1.709534 53.7932144,-1.708999 53.7936929,-1.7087898 53.7939068,-1.708594 53.7941635,-1.7082963 53.7945754,-1.7078242 53.7952694,-1.7072878 53.7960837,-1.706923 53.7966398,-1.7065314 53.7972243,-1.706172 53.7977471,-1.7060298 53.7979498,-1.7058716 53.7981209,-1.7056356 53.7983538,-1.7055846 53.7983982,-1.7054532 53.7984726,-1.7053471 53.7985322,-1.7052899 53.7985828,-1.7052554 53.7986376,-1.7052252 53.7986928,-1.7052788 53.7987752,-1.70526 53.7988306,-1.7051796 53.7990207,-1.7051045 53.7992203,-1.7050213 53.7994041,-1.7049516 53.799515,-1.7046941 53.7998714,-1.7046258 53.7999479,-1.7045691 53.8000115,-1.7045664 53.8000427,-1.7045189 53.8001068,-1.7044844 53.8001535,-1.7044184 53.8001612,-1.7043807 53.8001794,-1.7043875 53.8002233,-1.7043843 53.8002557,-1.7043403 53.8003266,-1.704196 53.8005551,-1.7041537 53.8006589,-1.7041072 53.8008068,-1.703998 53.8009892,-1.7039514 53.8010536,-1.7039293 53.8010729,-1.7038901 53.8010899,-1.7038586 53.8011361,-1.7038471 53.8011603,-1.7038725 53.8011911,-1.7037483 53.8013693,-1.7036718 53.8015315,-1.7036256 53.8016129,-1.7035553 53.8017044,-1.7036687 53.8016959,-1.7038234 53.8016777,-1.7039081 53.8016662,-1.7039304 53.8017014,-1.7039504 53.8017243,-1.7040557 53.8017644,-1.704214 53.8017866,-1.7047531 53.8016868,-1.7049342 53.8016659,-1.7063356 53.8014128,-1.7066172 53.8013098,-1.7068023 53.8011245,-1.7068533 53.8010262,-1.706943 53.8010393,-1.707237 53.8010881,-1.7075453 53.8011213,-1.7077062 53.8010896,-1.7084035 53.8009661,-1.7087107 53.800942,-1.7095784 53.8007696,-1.7100321 53.8006534,-1.7107671 53.800516,-1.7111716 53.8004449,-1.7113996 53.8004069)",cycleway,,,,,,,,asphalt,yes,yes,,,,yes,,,,,,,,,,yes,,
"LINESTRING (-1.7043149 53.7972204,-1.7038065 53.7970299)",path,,,,,,,,,,,,,,,,,,,,,,,,,,
"LINESTRING (-1.7057457 53.7984466,-1.7059489 53.7981808,-1.7062038 53.7978,-1.7064379 53.7974503,-1.7066225 53.7971747,-1.7070077 53.796627,-1.7075828 53.7957772,-1.7085431 53.7943748,-1.7087683 53.7940188,-1.7089805 53.7938036,-1.7095821 53.7932668)",tertiary,Dick Lane,,,30 mph,,,,,,,,,,,,,,,,,,,,,,
"LINESTRING (-1.7191854 53.7931026,-1.7186148 53.7932695,-1.7182418 53.7933787,-1.7179058 53.7934739,-1.7173825 53.7936221,-1.7172344 53.7936641,-1.7167647 53.7938659,-1.7161797 53.7941172,-1.7161183 53.7941483,-1.7157979 53.7943109,-1.715473 53.7944757,-1.715075 53.7946444,-1.7142097 53.7951886,-1.7141301 53.7952413,-1.713962 53.7953608,-1.7135677 53.7956741,-1.7132103 53.7959869,-1.7124928 53.7967061,-1.7124653 53.7967361,-1.7120266 53.7971948,-1.712007 53.7972121,-1.7116107 53.7976022,-1.7115253 53.7976922,-1.711347 53.7978712,-1.7107985 53.7983925,-1.7106377 53.7985559,-1.7103653 53.7988329,-1.7102164 53.798986,-1.7097646 53.7994537,-1.7095963 53.7996297,-1.7090861 53.800132,-1.7088545 53.8003671,-1.708771 53.8004567)",trunk,Leeds Road,,,30 mph,,A647,,,,,,,,,,,,,,,,,,,,
"LINESTRING (-1.6922363 53.8005422,-1.6924234 53.8006695,-1.6925979 53.8009154,-1.6926327 53.8009786)",residential,Chatsworth Avenue,,,20 mph,,,,asphalt,,,,sign,,,,,,,,,,,,,,
"LINESTRING (-1.6902288 53.8015705,-1.6910786 53.8011334,-1.691433 53.8009524,-1.6922363 53.8005422,-1.693123 53.8001012,-1.6940996 53.7996564,-1.6941622 53.7996279,-1.694398 53.7995067,-1.6947635 53.7993419,-1.695283 53.7991317,-1.6958913 53.7990026)",residential,Chatsworth Road,,,,,,,,,,,,,,,,,,,,,,,,,
"LINESTRING (-1.6993495 53.8014903,-1.6990354 53.8015391,-1.6985708 53.8016344)",residential,Duckett Grove,,,,,,,,,,,,,,,,,,,,,,,,,
"LINESTRING (-1.7022195 53.8015901,-1.7020838 53.8011528)",residential,Grange Grove,,,,,,,,,,,,,,,,,,,,,,,,,
"LINESTRING (-1.7037509 53.8015364,-1.7038253 53.8014381,-1.7040037 53.8011398,-1.7042782 53.8006728)",trunk,,yes,3,30 mph,,A647,,,,,,,,,,,,,,,,,,,,
"LINESTRING (-1.7069688 53.8009844,-1.706943 53.8010393,-1.7069191 53.8010902)",trunk,Gipsy Street,yes,3,30 mph,,A647,left|slight_right|slight_right,,,,,,,,,,,,,,,,,,,
"LINESTRING (-1.7069191 53.8010902,-1.7070953 53.80122,-1.7072915 53.8012763)",secondary_link,Gipsy Street,yes,1,,,A647,,,,,,,,,,,,,,,,,,,,
"LINESTRING (-1.7072915 53.8012763,-1.7070433 53.8013266,-1.7064179 53.8014455)",secondary,Leeds Old Road,yes,1,30 mph,,B6381,,,,,,,,,,,,,,,,,,,,
"LINESTRING (-1.7049516 53.799515,-1.7050153 53.7995206,-1.7052138 53.799513,-1.7052842 53.7995071,-1.7053378 53.7995514,-1.7056016 53.7997029,-1.7058059 53.7998285,-1.706269 53.8001131,-1.7071835 53.8006657,-1.7073468 53.8007712,-1.7073088 53.8007908,-1.7072181 53.8008455,-1.7072299 53.800934,-1.707237 53.8010881)",cycleway,,yes,,,,,,,,,,,,,,,,,,,,,,,,
"LINESTRING (-1.7080566 53.8011233,-1.7080822 53.8010688,-1.7083182 53.801015,-1.7084269 53.8010493)",service,,yes,,,,,,,,,,,,,,,,,,,,,,,,
"LINESTRING (-1.7008613 53.8003102,-1.701159 53.7998532)",service,,,2,,parking_aisle,,,,,,,,,,,,,,,,,,,,,
"LINESTRING (-1.7010274 53.800444,-1.7013925 53.7998994)",service,,,2,,parking_aisle,,,,,,,,,,,,,,,,,,,,,
"LINESTRING (-1.7012284 53.8005303,-1.701618 53.799944,-1.7016815 53.7998813,-1.7017296 53.7998077,-1.7018219 53.7996662,-1.7013402 53.7995677,-1.7012548 53.7997077,-1.7017296 53.7998077)",service,,,2,,parking_aisle,,,,,,,,,,,,,,,,,,,,,
"LINESTRING (-1.7014601 53.8005929,-1.7018334 53.8000255)",service,,,2,,parking_aisle,,,,,,,,,,,,,,,,,,,,,
"LINESTRING (-1.7016812 53.8006484,-1.701988 53.8001768)",service,,,2,,parking_aisle,,,,,,,,,,,,,,,,,,,,,
"LINESTRING (-1.7019012 53.8007045,-1.7021821 53.8002664)",service,,,2,,parking_aisle,,,,,,,,,,,,,,,,,,,,,
"LINESTRING (-1.7021305 53.8007631,-1.7024049 53.800314)",service,,,2,,parking_aisle,,,,,,,,,,,,,,,,,,,,,
"LINESTRING (-1.7023772 53.8007924,-1.7026296 53.8003619)",service,,,2,,parking_aisle,,,,,,,,,,,,,,,,,,,,,
"LINESTRING (-1.7026445 53.8007926,-1.702865 53.8004122)",service,,,2,,parking_aisle,,,,,,,,,,,,,,,,,,,,,
"LINESTRING (-1.7030992 53.8004621,-1.7028887 53.8007893)",service,,,2,,parking_aisle,,,,,,,,,,,,,,,,,,,,,
"LINESTRING (-1.7032067 53.800785,-1.7034389 53.8007884,-1.703617 53.8007932,-1.7037408 53.8007855,-1.7038946 53.8005262,-1.7041454 53.8001522,-1.7040992 53.8001201,-1.7040066 53.8001086,-1.7038889 53.8001198,-1.7034389 53.8007884)",service,,,2,,parking_aisle,,,,,,,,,,,,,,,,,,,,,
"LINESTRING (-1.7041872 53.800049,-1.7040048 53.8000442,-1.7038245 53.8000588,-1.703693 53.8001024)",service,,yes,1,,,,,,,,,,,,,,,,,,,,,,,
"LINESTRING (-1.7043807 53.8001794,-1.7043574 53.8001566,-1.7043324 53.8001349,-1.7042977 53.800115,-1.7041872 53.800049)",cycleway,,yes,,,,,,,,,,,,,,,,,,,,,,,,
"LINESTRING (-1.7044742 53.7999745,-1.7044565 53.8000207,-1.7044467 53.8000463,-1.7044383 53.8000681,-1.7044176 53.8000836,-1.7043629 53.8001155,-1.7043324 53.8001349)",cycleway,,,,,,,,,,,,,,,,,,traffic_signals,toucan,crossing,,,,,,
"LINESTRING (-1.7044943 53.8003053,-1.7044361 53.8001825,-1.7044184 53.8001612,-1.7043961 53.8001343,-1.7043629 53.8001155,-1.704316 53.8000888,-1.7041872 53.800049,-1.7039562 53.7999775)",service,,yes,1,,,,,,,,,,,,,,,,,,,,,,,
"LINESTRING (-1.7042782 53.8006728,-1.7043736 53.8005105,-1.7044943 53.8003053)",trunk,,yes,4,30 mph,,A647,left|through|right|right,,,,,,,,,,,,,,,,,,,
"LINESTRING (-1.7044943 53.8003053,-1.7046106 53.8001762,-1.7046455 53.8001275,-1.7047 53.8000505,-1.7047068 53.7999908)",trunk,,yes,3,30 mph,,A647,through|right|right,,,,,,,,,,,,,,,,,,,
"LINESTRING (-1.7047799 53.8001453,-1.7046455 53.8001275,-1.7045466 53.8001144,-1.7045189 53.8001068,-1.7044914 53.8000993,-1.7044383 53.8000681)",cycleway,,,,,,,,,,,,,,,,,,traffic_signals,toucan,crossing,,,,,,
"LINESTRING (-1.7056055 53.7998128,-1.7058822 53.7999766,-1.7061887 53.8001587,-1.7066298 53.8004498)",trunk,Gipsy Street,yes,4,30 mph,,A647,left|through|right|right,,,,,,,,,,,,,,,,,,,
"LINESTRING (-1.7066298 53.8004498,-1.7068239 53.800597,-1.7069151 53.8006984,-1.7069784 53.8008419,-1.7069848 53.8009202,-1.7069688 53.8009844)",trunk,Gipsy Street,yes,3,30 mph,,A647,left|slight_right|slight_right,,,,,,,,,,,,,,,,,,,
"LINESTRING (-1.7066298 53.8004498,-1.707138 53.8006943,-1.7073088 53.8007908,-1.7073944 53.8008277,-1.7076382 53.8008853,-1.7079108 53.8008814,-1.7081846 53.8008021,-1.7084329 53.8006758,-1.708771 53.8004567)",trunk,Gipsy Street,yes,1,30 mph,,A647,,,,,,,,,,,,,,,,,,,,
"LINESTRING (-1.708771 53.8004567,-1.7085915 53.8006898,-1.7083495 53.8008361,-1.7080399 53.8009379,-1.7077577 53.8009678,-1.7075696 53.800955,-1.7072299 53.800934,-1.7071243 53.8009424,-1.7069688 53.8009844)",trunk,Leeds Road,yes,,30 mph,,A647,,,,,,,,,,,,,,,,,,,,
